<?xml version="1.0" encoding="UTF-8"?>

<configuration status="WARN">

    <appenders>
        <File name="queries" fileName="logs/queries.log">
            <PatternLayout pattern="%d{yyyy-MM-dd HH:mm:ss} [%t] %-5level %logger{36} - %msg%n"/>
            <Filters>
                <ThresholdFilter level="warn" onMatch="DENY" onMismatch="NEUTRAL" />
            </Filters>
        </File>
        <File name="errors" fileName="logs/errors.log">
            <PatternLayout pattern="%d{yyyy-MM-dd HH:mm:ss} [%t] %-5level %logger{36} - %msg%n"/>
        </File>
    </appenders>

    <loggers>
        <root level="all">
            <appender-ref ref="queries" level="info"/>
            <appender-ref ref="errors" level="error"/>
        </root>
    </loggers>

</configuration>